{"cameraMode":{"drawMode":0,"name":"Shaded","section":"Shading Mode"},"sceneLighting":true,"audioPlay":false,"sceneViewState":{"m_AlwaysRefresh":false,"showFog":true,"showSkybox":false,"showFlares":true,"showImageEffects":true,"showParticleSystems":true,"showVisualEffectGraphs":true,"m_FxEnabled":true},"in2DMode":false,"pivot":{"x":-28.433074951171876,"y":15.757987976074219,"z":-0.9645885229110718},"rotation":{"x":0.2712078094482422,"y":0.03602802753448486,"z":-0.010365544818341732,"w":0.9619520306587219},"size":5.5339884757995609,"orthographic":false}