{"cameraMode":{"drawMode":0,"name":"Shaded","section":"Shading Mode"},"sceneLighting":true,"audioPlay":false,"sceneViewState":{"m_AlwaysRefresh":false,"showFog":true,"showSkybox":true,"showFlares":true,"showImageEffects":true,"showParticleSystems":true,"showVisualEffectGraphs":true,"m_FxEnabled":true},"in2DMode":false,"pivot":{"x":-9.433074951171875,"y":15.757987976074219,"z":-0.9645886421203613},"rotation":{"x":0.09614643454551697,"y":-0.02690444327890873,"z":0.002382115460932255,"w":0.9951561093330383},"size":4.304233074188232,"orthographic":false}