{"cameraMode":{"drawMode":0,"name":"Shaded","section":"Shading Mode"},"sceneLighting":true,"audioPlay":false,"sceneViewState":{"m_AlwaysRefresh":false,"showFog":true,"showSkybox":false,"showFlares":true,"showImageEffects":true,"showParticleSystems":true,"showVisualEffectGraphs":true,"m_FxEnabled":true},"in2DMode":false,"pivot":{"x":-28.665603637695314,"y":17.24361801147461,"z":-0.47730228304862978},"rotation":{"x":0.18203586339950562,"y":0.05303036421537399,"z":-0.010051965713500977,"w":0.9819674491882324},"size":4.503686904907227,"orthographic":false}